<?xml version="1.0" encoding="UTF-8"?>
<beans xmlns="http://www.springframework.org/schema/beans"
	xmlns:xsi="http://www.w3.org/2001/XMLSchema-instance"
	xsi:schemaLocation="
        http://www.springframework.org/schema/beans http://www.springframework.org/schema/beans/spring-beans.xsd">

<bean class="com.glca.bean.Doctor" name="dctr" >
<property name="id" value="1001"></property>
<property name="name" value="raja"></property>
<property name="specialization" value="neurologist"></property>
<property name="exp" value="10"></property>
</bean>
<bean class="com.glca.bean.Hospital" name="hospital">
<property name="regNo" value="12345"></property>
<property name="name" value="kims"></property>
<property name="doctor" ref="dctr"></property>
</bean>



</beans>