<?xml version="1.0" encoding="UTF-8"?>
<beans xmlns="http://www.springframework.org/schema/beans"
	xmlns:xsi="http://www.w3.org/2001/XMLSchema-instance"
	xsi:schemaLocation="
        http://www.springframework.org/schema/beans http://www.springframework.org/schema/beans/spring-beans.xsd">

	<bean class="com.glca.beans.Course" name="c1">
		<constructor-arg name="cno" value="100" />
		<constructor-arg name="cname" value="JavaFSD" />
		<constructor-arg name="fee" value="45000.25" />

		<property name="technologies">
			<list>
				<value>Java</value>
				<value>DSA</value>
				<value>DBMS</value>
				<value>JDBC</value>
				<value>ORM</value>
				<value>Spring</value>
			</list>
		</property>
	</bean>

	<bean class="com.glca.beans.Course" name="c2">
		<constructor-arg name="cno" value="200" />
		<constructor-arg name="cname" value="AI-ML" />
		<constructor-arg name="fee" value="55000.25" />

		<property name="technologies">
			<list>
				<value>AI</value>
				<value>OPEN-AI</value>
				<value>GEN-AI</value>
			</list>
		</property>
	</bean>

	<bean class="com.glca.beans.Student" name="s1">
		<constructor-arg name="id" value="1001" />
		<constructor-arg name="name" value="Harry" />
		<constructor-arg name="courses">
			<set>
				<ref bean="c1" />
				<ref bean="c2" />
			</set>

		</constructor-arg>

	</bean>

</beans>