<?xml version = "1.0" encoding = "UTF-8"?>

<beans xmlns="http://www.springframework.org/schema/beans"
       xmlns:xsi="http://www.w3.org/2001/XMLSchema-instance"
       xsi:schemaLocation="http://www.springframework.org/schema/beans
   http://www.springframework.org/schema/beans/spring-beans-3.0.xsd">


    <bean class="com.ford.apps.Doctor" id="doc1">
        <property name="id" value="100"/>
        <property name="name" value="arun"/>
        <property name="specialization" value="Oncology"/>
    </bean>

    <bean class="com.ford.apps.Doctor" id="doc2">
        <property name="id" value="200"/>
        <property name="name" value="varun"/>
        <property name="specialization" value="Opthomology"/>
    </bean>

    <bean class="com.ford.apps.Hospital" id="hosp">

        <property name="regNo" value="1233"/>
        <property name="name" value="Apollo"/>
        <property name="doctors">

            <set>
                <ref bean="doc1"/>
                <ref bean="doc2"/>

            </set>

        </property>

    </bean>


</beans>