{
  "products": [
    {
      "id": 1001,
      "name": "T-shirt",
      "price": 4500.25,
      "qty": 20
    },
    {
      "id": 1002,
      "name": "Chair",
      "price": 2500.25,
      "qty": 15
    },
    {
      "id": 1003,
      "name": "Trousers",
      "price": 5500.25,
      "qty": 35
    },
    {
      "id": "5",
      "name": "lappy",
      "price": "45000.25",
      "qty": "10"
    },
    {
      "id": "6",
      "name": "fan",
      "price": "2500.25",
      "qty": "12"
    }
  ],
  "customers": [
    {
      "id": 1001,
      "name": "arun",
      "email": "arun@yahoo.com",
      "phone": "044-234568"
    },
    {
      "id": 1002,
      "name": "varun",
      "email": "varun@yahoo.com",
      "phone": "040-234568"
    }
  ]
}