<?xml version = "1.0" encoding = "UTF-8"?>

<beans xmlns = "http://www.springframework.org/schema/beans"
       xmlns:xsi = "http://www.w3.org/2001/XMLSchema-instance"
       xsi:schemaLocation = "http://www.springframework.org/schema/beans
   http://www.springframework.org/schema/beans/spring-beans-3.0.xsd">


    <bean class="com.ford.apps.Employ" id="emp" scope="prototype">
        <property name="id"  value="1001"/>
        <property name="name" value="Arun"/>
        <property name="salary" value="45000.25"/>
        <property name="project" ref="proj"/>
    </bean>

    <bean class="com.ford.apps.Employ" id="emp2">
        <property name="id"  value="1002"/>
        <property name="name" value="Varun"/>
        <property name="salary" value="55000.25"/>
        <property name="project" ref="proj"/>
    </bean>


    <bean class="com.ford.apps.Project" id="proj">
        <constructor-arg name="pid" value="1234"/>
        <constructor-arg name="name" value="BCMS"/>
        <constructor-arg name="manager" value="Prakash"/>
    </bean>

    <bean class="com.ford.apps.Hotel" name="hotel">
        <property name="id" value="4564"/>
        <property name="name" value="TajHotel"/>
        <property name="visitors">
            <list>
<!--           <value>SachinTendulkar</value>
                <value>AmithabBachhan</value>
                <value>Dravid</value>
                <value>VVS  Laxman</value>-->
                <ref bean="v1"/>
                <ref bean="v2"/>
            </list>
        </property>
    </bean>

    <bean class="com.ford.apps.Visitor" id="v1">
        <constructor-arg index="0" value="12345"/>
        <constructor-arg index="1" value="SachinTendulkar"/>
        <constructor-arg index="2" value="Mumbai"/>
    </bean>

    <bean class="com.ford.apps.Visitor" id="v2">
        <constructor-arg index="0" value="12346"/>
        <constructor-arg index="1" value="AbhishekBachhan"/>
        <constructor-arg index="2" value="Bhubhaneswar"/>
    </bean>



</beans>